{
 "train_auc": 0.794976256699182,
 "val_auc": 0.8176695881146916
}